from,to
ICAO Innovation Fair,CRIAQ
ICAO Innovation Fair,LOON
ICAO Innovation Fair,ZipLine
ICAO Innovation Fair,Assmebly WP AI App
ICAO Innovation Fair,Stratobus
ICAO Innovation Fair,Uber Elevate
Thales,Stratobus
Thales,Thales AI Challenge
ICAO Innovation Fair,Lilium
ICAO AI Research,AI For Good Summit
ICAO AI Research,AI Code of Conduct
ICAO AI Research,Assmebly WP AI App
ICAO AI Research,Thales AI Challenge
ICAO AI Research,EASA Innovation Hub
ICAO AI Research,EUROCONTROL
ICAO AI Research,NLP
ICAO AI Research,YOLO
ICAO AI Research,Digital Urban
ICAO UAM Study,Ambular 2.0
ICAO UAM Study,Uber Elevate
ICAO UAM Study,Digital Urban
ICAO UAM Study,Lilium
EASA Innovation Hub,AI Roadmap
EUROCONTROL,Fly AI Report
EASA Innovation Hub,Lilium
EASA Innovation Hub,Thales
ICAO AI Research,UN Innovation Network
